id,first_name,last_name,email,gender,ip_address
1,Elset,Weavill,eweavill0@cisco.com,Female,178.47.255.214
2,Mellicent,Linner,mlinner1@github.io,Female,170.28.21.113
3,Edgardo,McCorkindale,emccorkindale2@bloomberg.com,Male,243.112.29.132
4,Eugen,Skyrme,eskyrme3@1688.com,Male,172.80.140.112
5,Sarine,Daughton,sdaughton4@indiegogo.com,Female,219.32.143.43
6,Dalt,Frapwell,dfrapwell5@senate.gov,Male,194.126.215.17
7,Jannelle,Long,jlong6@redcross.org,Female,27.28.200.211
8,Carlina,Rawlins,crawlins7@stanford.edu,Female,8.70.12.138
9,Jim,Issit,jissit8@umich.edu,Male,47.51.246.61
10,Philis,Playle,pplayle9@dmoz.org,Female,171.159.1.90
11,Dorotea,Pontin,dpontina@mit.edu,Female,227.148.196.17
12,Giffer,Eastam,geastamb@who.int,Male,135.84.66.46
13,Donica,Lown,dlownc@ucoz.ru,Female,35.89.120.6
14,Coral,Skuce,cskuced@adobe.com,Female,50.76.87.248
15,Sander,Hopewell,shopewelle@xing.com,Male,100.32.55.234
16,Kane,Veracruysse,kveracruyssef@linkedin.com,Male,52.175.161.161
17,Estella,O'Hdirscoll,eohdirscollg@yelp.com,Female,236.15.172.203
18,Chantal,Kiss,ckissh@yellowbook.com,Female,102.201.240.255
19,Alvinia,Mayze,amayzei@bandcamp.com,Female,42.221.160.127
20,Cherry,Loy,cloyj@hc360.com,Female,28.156.33.185
